{"cameraMode":{"drawMode":0,"name":"Shaded","section":"Shading Mode"},"sceneLighting":false,"audioPlay":false,"sceneViewState":{"m_AlwaysRefresh":false,"showFog":true,"showSkybox":true,"showFlares":true,"showImageEffects":true,"showParticleSystems":true,"showVisualEffectGraphs":true,"m_FxEnabled":true},"in2DMode":false,"pivot":{"x":1.4368000030517579,"y":0.992400050163269,"z":109.02499389648438},"rotation":{"x":0.0010476893512532116,"y":-0.9926996827125549,"z":0.12031302601099014,"w":0.008643265813589096},"size":8.216630935668946,"orthographic":false}